doctor_id,doctor_name,dept_id,position,hire_date
1001,류지태,1,교수,2010-03-01
1002,윤상성,1,부교수,2011-09-01
1003,김재민,1,조교수,2022-09-01
1004,박현민,2,교수,2004-09-01
1005,김도미,2,부교수,2014-03-01
1006,홍진채,2,조교수,2022-03-01
1007,장은현,3,교수,2008-09-01
1008,한상영,3,부교수,2013-09-01
1009,이서소,3,조교수,2021-03-01
1010,임유우,4,교수,2005-09-01
1011,이은서,4,부교수,2013-09-01
1012,이준민,4,조교수,2019-09-01
1013,박성동,5,교수,2008-03-01
1014,김소정,5,부교수,2013-03-01
1015,김경유,5,조교수,2023-03-01
1016,이우은,6,교수,2004-03-01
1017,김수영,6,부교수,2012-03-01
1018,신희민,6,조교수,2021-03-01
1019,서유경,7,교수,2009-09-01
1020,임정태,7,부교수,2013-03-01
1021,이우희,7,조교수,2022-03-01
1022,오소태,8,교수,2005-03-01
1023,이동혜,8,부교수,2015-09-01
1024,이호성,8,조교수,2021-09-01
