doctor_id,weekday,session_type
1001,목,PM
1001,금,PM
1002,월,AM
1002,수,AM
1003,월,PM
1003,화,AM
1004,수,PM
1004,금,PM
1005,목,AM
1005,목,PM
1006,월,AM
1006,화,PM
1007,수,AM
1007,수,PM
1008,화,AM
1008,화,PM
1009,목,AM
1009,금,AM
1010,화,PM
1010,목,PM
1011,목,AM
1011,금,PM
1012,월,PM
1012,화,AM
1013,월,PM
1013,금,AM
1014,월,AM
1014,금,PM
1015,화,PM
1015,목,PM
1016,수,AM
1016,목,AM
1017,화,AM
1017,수,PM
1018,화,PM
1018,목,PM
1019,월,PM
1019,화,PM
1020,화,AM
1020,수,AM
1021,월,AM
1021,목,AM
1022,월,AM
1022,월,PM
1023,화,AM
1023,화,PM
1024,금,AM
1024,금,PM
